[
    {
        "title": "Default",
        "name": "default",
        "fields": [
            {
                "type": "text",
                "label": "First Party Authorized Name",
                "name": "first_party_authorized_name",
                "model": null,
                "width": 50
            },
            {
                "type": "text",
                "label": "First Party Authorized Position",
                "name": "first_party_authorized_position",
                "model": null,
                "width": 50
            },
            {
                "type": "text",
                "label": "Second Party Authorized Name",
                "name": "second_party_authorized_name",
                "model": null,
                "width": 50
            },
            {
                "type": "text",
                "label": "Second Party Authorized Position",
                "name": "second_party_authorized_position",
                "model": null,
                "width": 50
            }
        ]
    }
]