[
    {
        "title": "Default",
        "name": "default",
        "fields": [
            {
                "type": "table",
                "label": "Services",
                "name": "services",
                "thead": [
                    {
                        "title": "Description",
                        "name": "description",
                        "width": 14,
                        "align": "left",
                        "type": "textarea",
                        "default": null,
                        "options": [
                            null
                        ],
                        "format": "Y-m-d",
                        "formula": "sum",
                        "columns": [],
                        "val": "code",
                        "field_map": []
                    },
                    {
                        "title": "U.O.M",
                        "name": "u_o_m",
                        "width": 4,
                        "align": "center",
                        "type": "text",
                        "default": "Hour",
                        "options": [
                            null
                        ],
                        "format": "Y-m-d",
                        "formula": "sum",
                        "columns": [],
                        "val": "code",
                        "field_map": []
                    },
                    {
                        "title": "Rate",
                        "name": "rate",
                        "width": 6,
                        "align": "right",
                        "type": "currency",
                        "default": "0",
                        "options": [
                            null
                        ],
                        "format": "Y-m-d",
                        "formula": "sum",
                        "columns": [],
                        "val": "code",
                        "field_map": []
                    }
                ],
                "tbody": [
                    {
                        "description": null,
                        "u_o_m": "Hour",
                        "rate": "0"
                    }
                ],
                "tfoot": [
                    {
                        "title": "Total",
                        "name": "total",
                        "align": "right",
                        "type": "aggregate_currency",
                        "model": 0,
                        "percent_model": 0,
                        "sub_total": null,
                        "tbody_column": "rate",
                        "formula": "sum",
                        "columns": []
                    }
                ],
                "width": 100,
                "currency": {
                    "code": "USD",
                    "precision": "2",
                    "separator": ".",
                    "thousands": ",",
                    "placement": "before"
                },
                "colspan": {
                    "empty": 1,
                    "title": 1,
                    "value": 1
                },
                "class_name": "services-table",
                "invoice": {
                    "sub_total": null,
                    "grand_total": null
                }
            }
        ]
    }
]