[
    {
        "title": "Default",
        "name": "default",
        "fields": [
            {
                "type": "table",
                "label": "Item Table",
                "name": "item_table",
                "thead": [
                    {
                        "title": "Item Code",
                        "name": "item_code",
                        "width": 4,
                        "align": "left",
                        "type": "item_lookup",
                        "default": null,
                        "options": [
                            null
                        ],
                        "format": "Y-m-d",
                        "formula": "sum",
                        "columns": [],
                        "val": "code",
                        "field_map": [
                            {
                                "item": "description",
                                "col": "description"
                            },
                            {
                                "item": "unit_price",
                                "col": "unit_price"
                            },
                            {
                                "item": "custom_fields.photo",
                                "col": "photo"
                            }
                        ]
                    },
                    {
                        "title": "Description",
                        "name": "description",
                        "width": 7,
                        "align": "left",
                        "type": "textarea",
                        "default": null,
                        "options": [
                            null
                        ],
                        "format": "Y-m-d",
                        "formula": "sum",
                        "columns": [],
                        "val": "code",
                        "field_map": []
                    },
                    {
                        "title": "Photo",
                        "name": "photo",
                        "width": 3,
                        "align": "center",
                        "type": "image",
                        "default": null,
                        "options": [
                            null
                        ],
                        "format": "Y-m-d",
                        "formula": "sum",
                        "columns": [],
                        "val": "code",
                        "field_map": []
                    },
                    {
                        "title": "Unit Price",
                        "name": "unit_price",
                        "width": 4,
                        "align": "left",
                        "type": "currency",
                        "default": "0",
                        "options": [
                            null
                        ],
                        "format": "Y-m-d",
                        "formula": "sum",
                        "columns": [],
                        "val": "code",
                        "field_map": []
                    },
                    {
                        "title": "Qty",
                        "name": "qty",
                        "width": 2,
                        "align": "left",
                        "type": "number",
                        "default": "1",
                        "options": [
                            null
                        ],
                        "format": "Y-m-d",
                        "formula": "sum",
                        "columns": [],
                        "val": "code",
                        "field_map": []
                    },
                    {
                        "title": "Total",
                        "name": "total",
                        "width": 4,
                        "align": "left",
                        "type": "computed_currency",
                        "default": "0",
                        "options": [
                            null
                        ],
                        "format": "Y-m-d",
                        "formula": "product",
                        "columns": [
                            "unit_price",
                            "qty"
                        ],
                        "val": "code",
                        "field_map": []
                    }
                ],
                "tbody": [
                    {
                        "item_code": null,
                        "description": null,
                        "photo": null,
                        "unit_price": "0",
                        "qty": "1",
                        "total": 0
                    }
                ],
                "tfoot": [
                    {
                        "title": "Sub Total",
                        "name": "sub_total",
                        "align": "right",
                        "type": "aggregate_currency",
                        "model": 0,
                        "percent_model": 0,
                        "sub_total": null,
                        "tbody_column": "total",
                        "formula": "sum",
                        "columns": []
                    },
                    {
                        "title": "Discount",
                        "name": "discount",
                        "align": "right",
                        "type": "input_currency",
                        "model": "0",
                        "percent_model": 0,
                        "sub_total": null,
                        "tbody_column": null,
                        "formula": "sum",
                        "columns": []
                    },
                    {
                        "title": "Grand Total",
                        "name": "grand_total",
                        "align": "right",
                        "type": "computed_currency",
                        "model": 0,
                        "percent_model": 0,
                        "sub_total": null,
                        "tbody_column": null,
                        "formula": "difference",
                        "columns": [
                            "discount",
                            "sub_total"
                        ]
                    }
                ],
                "width": 100,
                "currency": {
                    "code": "USD",
                    "precision": "2",
                    "separator": ".",
                    "placement": "before"
                },
                "colspan": {
                    "empty": "3",
                    "title": "2",
                    "value": 1
                },
                "class_name": "items",
                "invoice": {
                    "sub_total": null,
                    "grand_total": null
                }
            }
        ]
    },
    {
        "name": "terms_and_conditions",
        "title": "Terms and Conditions",
        "fields": [
            {
                "type": "number",
                "label": "Delivery Days",
                "name": "delivery_days",
                "model": "10",
                "width": 50
            },
            {
                "type": "text",
                "label": "Terms url",
                "name": "terms_url",
                "model": "https:\/\/codekerala.com\/po-terms",
                "width": 50
            }
        ]
    }
]