[
    {
        "title": "Default",
        "name": "default",
        "fields": [
            {
                "type": "text",
                "label": "First Party Name",
                "name": "first_party_name",
                "model": "Code Kerala",
                "width": 50
            },
            {
                "type": "textarea",
                "label": "First Party Address",
                "name": "first_party_address",
                "model": "4828 Geoffrey Garden Suite 351\nEmmanuelleview, \nMS 62235-5130",
                "width": 50
            },
            {
                "type": "text",
                "label": "First Party Email",
                "name": "first_party_email",
                "model": "codekerala@gmail.com",
                "width": 50
            },
            {
                "type": "text",
                "label": "First Party Phone",
                "name": "first_party_phone",
                "model": "+12345677890",
                "width": 50
            },
            {
                "type": "text",
                "label": "First Party Office Hours",
                "name": "first_party_office_hours",
                "model": "Sunday - Friday from 8:00 to 16:00",
                "width": 50
            },
            {
                "type": "text",
                "label": "Help Desk Hours",
                "name": "help_desk_hours",
                "model": "Sunday to Friday \u2013 08:00 to 17:00",
                "width": 50
            }
        ]
    }
]