[
    {
        "title": "Default",
        "name": "default",
        "fields": [
            {
                "type": "text",
                "label": "Second Party Office Hours",
                "name": "second_party_office_hours",
                "model": null,
                "width": 33
            },
            {
                "type": "select",
                "label": "Support Contact Person",
                "name": "support_contact_person",
                "model": "John Doe, Mob: +1234567899",
                "options": [
                    "John Doe, Mob: +1234567899",
                    "Jane Doe, Mob: +9876543210"
                ],
                "width": 33
            },
            {
                "type": "select",
                "label": "Support Supervisor",
                "name": "support_supervisor",
                "model": "James Doe, Mob: +1234567890",
                "options": [
                    "Jack Doe, Mob: +9876543210",
                    "James Doe, Mob: +1234567890"
                ],
                "width": 50
            }
        ]
    }
]