[
    {
        "title": "Default",
        "name": "default",
        "fields": [
            {
                "type": "image",
                "label": "Jumbo",
                "name": "jumbo",
                "model": "\/images\/CKcVplVwJca10jZfVnRK8hOHZ7JZEFOS.jpg",
                "width": 50
            },
            {
                "type": "text",
                "label": "Title",
                "name": "title",
                "model": "Web Design Proposal",
                "width": 50
            }
        ]
    }
]